{
    "mode": "production",
    "keycloak-api-url": "https://sso.ninjamart.com",
    "zalo-api-url": "https://zalo.ninjamart.vn/api",
    "mart-sp-api-url": "https://api.ninjavan.co/global/mart-sp-mgmt",
    "mart-promotion-api-url": "https://api.ninjavan.co/global/mart-promotion",
    "mart-ecommerce-api-url": "https://api.ninjavan.co/global/mart-ecommerce",
    "mart-loyalty-api-url": "https://api.ninjavan.co/vn/loyalty",
    "tiny-editor-api-key": "3xk6pdmp2tyu585fa99xzzdrhe9vd8mejehuitnmhksik5wr",
    "opv2-url": "https://operatorv2.ninjavan.co"
}
