{
    "mode": "qa",
    "keycloak-api-url": "https://sso-qa.ninjamart.com",
    "zalo-api-url": "https://staging-zalo.ninjamart.vn/api",
    "mart-sp-api-url": "https://api-qa.ninjavan.co/global/mart-sp-mgmt",
    "mart-promotion-api-url": "https://api-qa.ninjavan.co/global/mart-promotion",
    "mart-ecommerce-api-url": "https://api-qa.ninjavan.co/global/mart-ecommerce",
    "mart-loyalty-api-url": "https://api-qa.ninjavan.co/vn/loyalty",
    "tiny-editor-api-key": "42mcj4sxyu11lkf60lfs2o83347zjjgq2qz44bw0ol0n2sq7",
    "opv2-url": "https://operatorv2-qa.ninjavan.co"
}
