[
    { "id": 1, "name": "Quận Ba Đình", "provinceId": 1 },
    { "id": 2, "name": "Quận Hoàn Kiếm", "provinceId": 1 },
    { "id": 3, "name": "Quận Tây Hồ", "provinceId": 1 },
    { "id": 4, "name": "Quận Long Biên", "provinceId": 1 },
    { "id": 5, "name": "Quận Cầu Giấy", "provinceId": 1 },
    { "id": 6, "name": "Quận Đống Đa", "provinceId": 1 },
    { "id": 7, "name": "Quận Hai Bà Trưng", "provinceId": 1 },
    { "id": 8, "name": "Quận Hoàng Mai", "provinceId": 1 },
    { "id": 9, "name": "Quận Thanh Xuân", "provinceId": 1 },
    { "id": 16, "name": "Huyện Sóc Sơn", "provinceId": 1 },
    { "id": 17, "name": "Huyện Đông Anh", "provinceId": 1 },
    { "id": 18, "name": "Huyện Gia Lâm", "provinceId": 1 },
    { "id": 19, "name": "Quận Nam Từ Liêm", "provinceId": 1 },
    { "id": 20, "name": "Huyện Thanh Trì", "provinceId": 1 },
    { "id": 21, "name": "Quận Bắc Từ Liêm", "provinceId": 1 },
    { "id": 24, "name": "Thành phố Hà Giang", "provinceId": 2 },
    { "id": 26, "name": "Huyện Đồng Văn", "provinceId": 2 },
    { "id": 27, "name": "Huyện Mèo Vạc", "provinceId": 2 },
    { "id": 28, "name": "Huyện Yên Minh", "provinceId": 2 },
    { "id": 29, "name": "Huyện Quản Bạ", "provinceId": 2 },
    { "id": 30, "name": "Huyện Vị Xuyên", "provinceId": 2 },
    { "id": 31, "name": "Huyện Bắc Mê", "provinceId": 2 },
    { "id": 32, "name": "Huyện Hoàng Su Phì", "provinceId": 2 },
    { "id": 33, "name": "Huyện Xín Mần", "provinceId": 2 },
    { "id": 34, "name": "Huyện Bắc Quang", "provinceId": 2 },
    { "id": 35, "name": "Huyện Quang Bình", "provinceId": 2 },
    { "id": 40, "name": "Thành phố Cao Bằng", "provinceId": 4 },
    { "id": 42, "name": "Huyện Bảo Lâm", "provinceId": 4 },
    { "id": 43, "name": "Huyện Bảo Lạc", "provinceId": 4 },
    { "id": 45, "name": "Huyện Hà Quảng", "provinceId": 4 },
    { "id": 47, "name": "Huyện Trùng Khánh", "provinceId": 4 },
    { "id": 48, "name": "Huyện Hạ Lang", "provinceId": 4 },
    { "id": 49, "name": "Huyện Quảng Hòa", "provinceId": 4 },
    { "id": 51, "name": "Huyện Hoà An", "provinceId": 4 },
    { "id": 52, "name": "Huyện Nguyên Bình", "provinceId": 4 },
    { "id": 53, "name": "Huyện Thạch An", "provinceId": 4 },
    { "id": 58, "name": "Thành Phố Bắc Kạn", "provinceId": 6 },
    { "id": 60, "name": "Huyện Pác Nặm", "provinceId": 6 },
    { "id": 61, "name": "Huyện Ba Bể", "provinceId": 6 },
    { "id": 62, "name": "Huyện Ngân Sơn", "provinceId": 6 },
    { "id": 63, "name": "Huyện Bạch Thông", "provinceId": 6 },
    { "id": 64, "name": "Huyện Chợ Đồn", "provinceId": 6 },
    { "id": 65, "name": "Huyện Chợ Mới", "provinceId": 6 },
    { "id": 66, "name": "Huyện Na Rì", "provinceId": 6 },
    { "id": 70, "name": "Thành phố Tuyên Quang", "provinceId": 8 },
    { "id": 71, "name": "Huyện Lâm Bình", "provinceId": 8 },
    { "id": 72, "name": "Huyện Na Hang", "provinceId": 8 },
    { "id": 73, "name": "Huyện Chiêm Hóa", "provinceId": 8 },
    { "id": 74, "name": "Huyện Hàm Yên", "provinceId": 8 },
    { "id": 75, "name": "Huyện Yên Sơn", "provinceId": 8 },
    { "id": 76, "name": "Huyện Sơn Dương", "provinceId": 8 },
    { "id": 80, "name": "Thành phố Lào Cai", "provinceId": 10 },
    { "id": 82, "name": "Huyện Bát Xát", "provinceId": 10 },
    { "id": 83, "name": "Huyện Mường Khương", "provinceId": 10 },
    { "id": 84, "name": "Huyện Si Ma Cai", "provinceId": 10 },
    { "id": 85, "name": "Huyện Bắc Hà", "provinceId": 10 },
    { "id": 86, "name": "Huyện Bảo Thắng", "provinceId": 10 },
    { "id": 87, "name": "Huyện Bảo Yên", "provinceId": 10 },
    { "id": 88, "name": "Thị xã Sa Pa", "provinceId": 10 },
    { "id": 89, "name": "Huyện Văn Bàn", "provinceId": 10 },
    { "id": 94, "name": "Thành phố Điện Biên Phủ", "provinceId": 11 },
    { "id": 95, "name": "Thị Xã Mường Lay", "provinceId": 11 },
    { "id": 96, "name": "Huyện Mường Nhé", "provinceId": 11 },
    { "id": 97, "name": "Huyện Mường Chà", "provinceId": 11 },
    { "id": 98, "name": "Huyện Tủa Chùa", "provinceId": 11 },
    { "id": 99, "name": "Huyện Tuần Giáo", "provinceId": 11 },
    { "id": 100, "name": "Huyện Điện Biên", "provinceId": 11 },
    { "id": 101, "name": "Huyện Điện Biên Đông", "provinceId": 11 },
    { "id": 102, "name": "Huyện Mường Ảng", "provinceId": 11 },
    { "id": 103, "name": "Huyện Nậm Pồ", "provinceId": 11 },
    { "id": 105, "name": "Thành phố Lai Châu", "provinceId": 12 },
    { "id": 106, "name": "Huyện Tam Đường", "provinceId": 12 },
    { "id": 107, "name": "Huyện Mường Tè", "provinceId": 12 },
    { "id": 108, "name": "Huyện Sìn Hồ", "provinceId": 12 },
    { "id": 109, "name": "Huyện Phong Thổ", "provinceId": 12 },
    { "id": 110, "name": "Huyện Than Uyên", "provinceId": 12 },
    { "id": 111, "name": "Huyện Tân Uyên", "provinceId": 12 },
    { "id": 112, "name": "Huyện Nậm Nhùn", "provinceId": 12 },
    { "id": 116, "name": "Thành phố Sơn La", "provinceId": 14 },
    { "id": 118, "name": "Huyện Quỳnh Nhai", "provinceId": 14 },
    { "id": 119, "name": "Huyện Thuận Châu", "provinceId": 14 },
    { "id": 120, "name": "Huyện Mường La", "provinceId": 14 },
    { "id": 121, "name": "Huyện Bắc Yên", "provinceId": 14 },
    { "id": 122, "name": "Huyện Phù Yên", "provinceId": 14 },
    { "id": 123, "name": "Huyện Mộc Châu", "provinceId": 14 },
    { "id": 124, "name": "Huyện Yên Châu", "provinceId": 14 },
    { "id": 125, "name": "Huyện Mai Sơn", "provinceId": 14 },
    { "id": 126, "name": "Huyện Sông Mã", "provinceId": 14 },
    { "id": 127, "name": "Huyện Sốp Cộp", "provinceId": 14 },
    { "id": 128, "name": "Huyện Vân Hồ", "provinceId": 14 },
    { "id": 132, "name": "Thành phố Yên Bái", "provinceId": 15 },
    { "id": 133, "name": "Thị xã Nghĩa Lộ", "provinceId": 15 },
    { "id": 135, "name": "Huyện Lục Yên", "provinceId": 15 },
    { "id": 136, "name": "Huyện Văn Yên", "provinceId": 15 },
    { "id": 137, "name": "Huyện Mù Căng Chải", "provinceId": 15 },
    { "id": 138, "name": "Huyện Trấn Yên", "provinceId": 15 },
    { "id": 139, "name": "Huyện Trạm Tấu", "provinceId": 15 },
    { "id": 140, "name": "Huyện Văn Chấn", "provinceId": 15 },
    { "id": 141, "name": "Huyện Yên Bình", "provinceId": 15 },
    { "id": 148, "name": "Thành phố Hòa Bình", "provinceId": 17 },
    { "id": 150, "name": "Huyện Đà Bắc", "provinceId": 17 },
    { "id": 152, "name": "Huyện Lương Sơn", "provinceId": 17 },
    { "id": 153, "name": "Huyện Kim Bôi", "provinceId": 17 },
    { "id": 154, "name": "Huyện Cao Phong", "provinceId": 17 },
    { "id": 155, "name": "Huyện Tân Lạc", "provinceId": 17 },
    { "id": 156, "name": "Huyện Mai Châu", "provinceId": 17 },
    { "id": 157, "name": "Huyện Lạc Sơn", "provinceId": 17 },
    { "id": 158, "name": "Huyện Yên Thủy", "provinceId": 17 },
    { "id": 159, "name": "Huyện Lạc Thủy", "provinceId": 17 },
    { "id": 164, "name": "Thành phố Thái Nguyên", "provinceId": 19 },
    { "id": 165, "name": "Thành phố Sông Công", "provinceId": 19 },
    { "id": 167, "name": "Huyện Định Hóa", "provinceId": 19 },
    { "id": 168, "name": "Huyện Phú Lương", "provinceId": 19 },
    { "id": 169, "name": "Huyện Đồng Hỷ", "provinceId": 19 },
    { "id": 170, "name": "Huyện Võ Nhai", "provinceId": 19 },
    { "id": 171, "name": "Huyện Đại Từ", "provinceId": 19 },
    { "id": 172, "name": "Thị xã Phổ Yên", "provinceId": 19 },
    { "id": 173, "name": "Huyện Phú Bình", "provinceId": 19 },
    { "id": 178, "name": "Thành phố Lạng Sơn", "provinceId": 20 },
    { "id": 180, "name": "Huyện Tràng Định", "provinceId": 20 },
    { "id": 181, "name": "Huyện Bình Gia", "provinceId": 20 },
    { "id": 182, "name": "Huyện Văn Lãng", "provinceId": 20 },
    { "id": 183, "name": "Huyện Cao Lộc", "provinceId": 20 },
    { "id": 184, "name": "Huyện Văn Quan", "provinceId": 20 },
    { "id": 185, "name": "Huyện Bắc Sơn", "provinceId": 20 },
    { "id": 186, "name": "Huyện Hữu Lũng", "provinceId": 20 },
    { "id": 187, "name": "Huyện Chi Lăng", "provinceId": 20 },
    { "id": 188, "name": "Huyện Lộc Bình", "provinceId": 20 },
    { "id": 189, "name": "Huyện Đình Lập", "provinceId": 20 },
    { "id": 193, "name": "Thành phố Hạ Long", "provinceId": 22 },
    { "id": 194, "name": "Thành phố Móng Cái", "provinceId": 22 },
    { "id": 195, "name": "Thành phố Cẩm Phả", "provinceId": 22 },
    { "id": 196, "name": "Thành phố Uông Bí", "provinceId": 22 },
    { "id": 198, "name": "Huyện Bình Liêu", "provinceId": 22 },
    { "id": 199, "name": "Huyện Tiên Yên", "provinceId": 22 },
    { "id": 200, "name": "Huyện Đầm Hà", "provinceId": 22 },
    { "id": 201, "name": "Huyện Hải Hà", "provinceId": 22 },
    { "id": 202, "name": "Huyện Ba Chẽ", "provinceId": 22 },
    { "id": 203, "name": "Huyện Vân Đồn", "provinceId": 22 },
    { "id": 205, "name": "Thị xã Đông Triều", "provinceId": 22 },
    { "id": 206, "name": "Thị xã Quảng Yên", "provinceId": 22 },
    { "id": 207, "name": "Huyện Cô Tô", "provinceId": 22 },
    { "id": 213, "name": "Thành phố Bắc Giang", "provinceId": 24 },
    { "id": 215, "name": "Huyện Yên Thế", "provinceId": 24 },
    { "id": 216, "name": "Huyện Tân Yên", "provinceId": 24 },
    { "id": 217, "name": "Huyện Lạng Giang", "provinceId": 24 },
    { "id": 218, "name": "Huyện Lục Nam", "provinceId": 24 },
    { "id": 219, "name": "Huyện Lục Ngạn", "provinceId": 24 },
    { "id": 220, "name": "Huyện Sơn Động", "provinceId": 24 },
    { "id": 221, "name": "Huyện Yên Dũng", "provinceId": 24 },
    { "id": 222, "name": "Huyện Việt Yên", "provinceId": 24 },
    { "id": 223, "name": "Huyện Hiệp Hòa", "provinceId": 24 },
    { "id": 227, "name": "Thành phố Việt Trì", "provinceId": 25 },
    { "id": 228, "name": "Thị xã Phú Thọ", "provinceId": 25 },
    { "id": 230, "name": "Huyện Đoan Hùng", "provinceId": 25 },
    { "id": 231, "name": "Huyện Hạ Hoà", "provinceId": 25 },
    { "id": 232, "name": "Huyện Thanh Ba", "provinceId": 25 },
    { "id": 233, "name": "Huyện Phù Ninh", "provinceId": 25 },
    { "id": 234, "name": "Huyện Yên Lập", "provinceId": 25 },
    { "id": 235, "name": "Huyện Cẩm Khê", "provinceId": 25 },
    { "id": 236, "name": "Huyện Tam Nông", "provinceId": 25 },
    { "id": 237, "name": "Huyện Lâm Thao", "provinceId": 25 },
    { "id": 238, "name": "Huyện Thanh Sơn", "provinceId": 25 },
    { "id": 239, "name": "Huyện Thanh Thuỷ", "provinceId": 25 },
    { "id": 240, "name": "Huyện Tân Sơn", "provinceId": 25 },
    { "id": 243, "name": "Thành phố Vĩnh Yên", "provinceId": 26 },
    { "id": 244, "name": "Thành phố Phúc Yên", "provinceId": 26 },
    { "id": 246, "name": "Huyện Lập Thạch", "provinceId": 26 },
    { "id": 247, "name": "Huyện Tam Dương", "provinceId": 26 },
    { "id": 248, "name": "Huyện Tam Đảo", "provinceId": 26 },
    { "id": 249, "name": "Huyện Bình Xuyên", "provinceId": 26 },
    { "id": 250, "name": "Huyện Mê Linh", "provinceId": 1 },
    { "id": 251, "name": "Huyện Yên Lạc", "provinceId": 26 },
    { "id": 252, "name": "Huyện Vĩnh Tường", "provinceId": 26 },
    { "id": 253, "name": "Huyện Sông Lô", "provinceId": 26 },
    { "id": 256, "name": "Thành phố Bắc Ninh", "provinceId": 27 },
    { "id": 258, "name": "Huyện Yên Phong", "provinceId": 27 },
    { "id": 259, "name": "Huyện Quế Võ", "provinceId": 27 },
    { "id": 260, "name": "Huyện Tiên Du", "provinceId": 27 },
    { "id": 261, "name": "Thành phố Từ Sơn", "provinceId": 27 },
    { "id": 262, "name": "Huyện Thuận Thành", "provinceId": 27 },
    { "id": 263, "name": "Huyện Gia Bình", "provinceId": 27 },
    { "id": 264, "name": "Huyện Lương Tài", "provinceId": 27 },
    { "id": 268, "name": "Quận Hà Đông", "provinceId": 1 },
    { "id": 269, "name": "Thị xã Sơn Tây", "provinceId": 1 },
    { "id": 271, "name": "Huyện Ba Vì", "provinceId": 1 },
    { "id": 272, "name": "Huyện Phúc Thọ", "provinceId": 1 },
    { "id": 273, "name": "Huyện Đan Phượng", "provinceId": 1 },
    { "id": 274, "name": "Huyện Hoài Đức", "provinceId": 1 },
    { "id": 275, "name": "Huyện Quốc Oai", "provinceId": 1 },
    { "id": 276, "name": "Huyện Thạch Thất", "provinceId": 1 },
    { "id": 277, "name": "Huyện Chương Mỹ", "provinceId": 1 },
    { "id": 278, "name": "Huyện Thanh Oai", "provinceId": 1 },
    { "id": 279, "name": "Huyện Thường Tín", "provinceId": 1 },
    { "id": 280, "name": "Huyện Phú Xuyên", "provinceId": 1 },
    { "id": 281, "name": "Huyện Ứng Hòa", "provinceId": 1 },
    { "id": 282, "name": "Huyện Mỹ Đức", "provinceId": 1 },
    { "id": 288, "name": "Thành phố Hải Dương", "provinceId": 30 },
    { "id": 290, "name": "Thành phố Chí Linh", "provinceId": 30 },
    { "id": 291, "name": "Huyện Nam Sách", "provinceId": 30 },
    { "id": 292, "name": "Thị xã Kinh Môn", "provinceId": 30 },
    { "id": 293, "name": "Huyện Kim Thành", "provinceId": 30 },
    { "id": 294, "name": "Huyện Thanh Hà", "provinceId": 30 },
    { "id": 295, "name": "Huyện Cẩm Giàng", "provinceId": 30 },
    { "id": 296, "name": "Huyện Bình Giang", "provinceId": 30 },
    { "id": 297, "name": "Huyện Gia Lộc", "provinceId": 30 },
    { "id": 298, "name": "Huyện Tứ Kỳ", "provinceId": 30 },
    { "id": 299, "name": "Huyện Ninh Giang", "provinceId": 30 },
    { "id": 300, "name": "Huyện Thanh Miện", "provinceId": 30 },
    { "id": 303, "name": "Quận Hồng Bàng", "provinceId": 31 },
    { "id": 304, "name": "Quận Ngô Quyền", "provinceId": 31 },
    { "id": 305, "name": "Quận Lê Chân", "provinceId": 31 },
    { "id": 306, "name": "Quận Hải An", "provinceId": 31 },
    { "id": 307, "name": "Quận Kiến An", "provinceId": 31 },
    { "id": 308, "name": "Quận Đồ Sơn", "provinceId": 31 },
    { "id": 309, "name": "Quận Dương Kinh", "provinceId": 31 },
    { "id": 311, "name": "Huyện Thuỷ Nguyên", "provinceId": 31 },
    { "id": 312, "name": "Huyện An Dương", "provinceId": 31 },
    { "id": 313, "name": "Huyện An Lão", "provinceId": 31 },
    { "id": 314, "name": "Huyện Kiến Thuỵ", "provinceId": 31 },
    { "id": 315, "name": "Huyện Tiên Lãng", "provinceId": 31 },
    { "id": 316, "name": "Huyện Vĩnh Bảo", "provinceId": 31 },
    { "id": 317, "name": "Huyện Cát Hải", "provinceId": 31 },
    { "id": 318, "name": "Huyện Bạch Long Vĩ", "provinceId": 31 },
    { "id": 323, "name": "Thành phố Hưng Yên", "provinceId": 33 },
    { "id": 325, "name": "Huyện Văn Lâm", "provinceId": 33 },
    { "id": 326, "name": "Huyện Văn Giang", "provinceId": 33 },
    { "id": 327, "name": "Huyện Yên Mỹ", "provinceId": 33 },
    { "id": 328, "name": "Thị xã Mỹ Hào", "provinceId": 33 },
    { "id": 329, "name": "Huyện Ân Thi", "provinceId": 33 },
    { "id": 330, "name": "Huyện Khoái Châu", "provinceId": 33 },
    { "id": 331, "name": "Huyện Kim Động", "provinceId": 33 },
    { "id": 332, "name": "Huyện Tiên Lữ", "provinceId": 33 },
    { "id": 333, "name": "Huyện Phù Cừ", "provinceId": 33 },
    { "id": 336, "name": "Thành phố Thái Bình", "provinceId": 34 },
    { "id": 338, "name": "Huyện Quỳnh Phụ", "provinceId": 34 },
    { "id": 339, "name": "Huyện Hưng Hà", "provinceId": 34 },
    { "id": 340, "name": "Huyện Đông Hưng", "provinceId": 34 },
    { "id": 341, "name": "Huyện Thái Thụy", "provinceId": 34 },
    { "id": 342, "name": "Huyện Tiền Hải", "provinceId": 34 },
    { "id": 343, "name": "Huyện Kiến Xương", "provinceId": 34 },
    { "id": 344, "name": "Huyện Vũ Thư", "provinceId": 34 },
    { "id": 347, "name": "Thành phố Phủ Lý", "provinceId": 35 },
    { "id": 349, "name": "Thị xã Duy Tiên", "provinceId": 35 },
    { "id": 350, "name": "Huyện Kim Bảng", "provinceId": 35 },
    { "id": 351, "name": "Huyện Thanh Liêm", "provinceId": 35 },
    { "id": 352, "name": "Huyện Bình Lục", "provinceId": 35 },
    { "id": 353, "name": "Huyện Lý Nhân", "provinceId": 35 },
    { "id": 356, "name": "Thành phố Nam Định", "provinceId": 36 },
    { "id": 358, "name": "Huyện Mỹ Lộc", "provinceId": 36 },
    { "id": 359, "name": "Huyện Vụ Bản", "provinceId": 36 },
    { "id": 360, "name": "Huyện Ý Yên", "provinceId": 36 },
    { "id": 361, "name": "Huyện Nghĩa Hưng", "provinceId": 36 },
    { "id": 362, "name": "Huyện Nam Trực", "provinceId": 36 },
    { "id": 363, "name": "Huyện Trực Ninh", "provinceId": 36 },
    { "id": 364, "name": "Huyện Xuân Trường", "provinceId": 36 },
    { "id": 365, "name": "Huyện Giao Thủy", "provinceId": 36 },
    { "id": 366, "name": "Huyện Hải Hậu", "provinceId": 36 },
    { "id": 369, "name": "Thành phố Ninh Bình", "provinceId": 37 },
    { "id": 370, "name": "Thành phố Tam Điệp", "provinceId": 37 },
    { "id": 372, "name": "Huyện Nho Quan", "provinceId": 37 },
    { "id": 373, "name": "Huyện Gia Viễn", "provinceId": 37 },
    { "id": 374, "name": "Huyện Hoa Lư", "provinceId": 37 },
    { "id": 375, "name": "Huyện Yên Khánh", "provinceId": 37 },
    { "id": 376, "name": "Huyện Kim Sơn", "provinceId": 37 },
    { "id": 377, "name": "Huyện Yên Mô", "provinceId": 37 },
    { "id": 380, "name": "Thành phố Thanh Hóa", "provinceId": 38 },
    { "id": 381, "name": "Thị xã Bỉm Sơn", "provinceId": 38 },
    { "id": 497, "name": "Huyện Hòa Vang", "provinceId": 48 },
    { "id": 498, "name": "Huyện Hoàng Sa", "provinceId": 48 },
    { "id": 502, "name": "Thành phố Tam Kỳ", "provinceId": 49 },
    { "id": 503, "name": "Thành phố Hội An", "provinceId": 49 },
    { "id": 504, "name": "Huyện Tây Giang", "provinceId": 49 },
    { "id": 505, "name": "Huyện Đông Giang", "provinceId": 49 },
    { "id": 506, "name": "Huyện Đại Lộc", "provinceId": 49 },
    { "id": 507, "name": "Thị xã Điện Bàn", "provinceId": 49 },
    { "id": 508, "name": "Huyện Duy Xuyên", "provinceId": 49 },
    { "id": 509, "name": "Huyện Quế Sơn", "provinceId": 49 },
    { "id": 510, "name": "Huyện Nam Giang", "provinceId": 49 },
    { "id": 511, "name": "Huyện Phước Sơn", "provinceId": 49 },
    { "id": 512, "name": "Huyện Hiệp Đức", "provinceId": 49 },
    { "id": 513, "name": "Huyện Thăng Bình", "provinceId": 49 },
    { "id": 514, "name": "Huyện Tiên Phước", "provinceId": 49 },
    { "id": 515, "name": "Huyện Bắc Trà My", "provinceId": 49 },
    { "id": 516, "name": "Huyện Nam Trà My", "provinceId": 49 },
    { "id": 517, "name": "Huyện Núi Thành", "provinceId": 49 },
    { "id": 518, "name": "Huyện Phú Ninh", "provinceId": 49 },
    { "id": 519, "name": "Huyện Nông Sơn", "provinceId": 49 },
    { "id": 522, "name": "Thành phố Quảng Ngãi", "provinceId": 51 },
    { "id": 524, "name": "Huyện Bình Sơn", "provinceId": 51 },
    { "id": 525, "name": "Huyện Trà Bồng", "provinceId": 51 },
    { "id": 527, "name": "Huyện Sơn Tịnh", "provinceId": 51 },
    { "id": 528, "name": "Huyện Tư Nghĩa", "provinceId": 51 },
    { "id": 529, "name": "Huyện Sơn Hà", "provinceId": 51 },
    { "id": 530, "name": "Huyện Sơn Tây", "provinceId": 51 },
    { "id": 531, "name": "Huyện Minh Long", "provinceId": 51 },
    { "id": 532, "name": "Huyện Nghĩa Hành", "provinceId": 51 },
    { "id": 533, "name": "Huyện Mộ Đức", "provinceId": 51 },
    { "id": 534, "name": "Thị xã Đức Phổ", "provinceId": 51 },
    { "id": 535, "name": "Huyện Ba Tơ", "provinceId": 51 },
    { "id": 536, "name": "Huyện Lý Sơn", "provinceId": 51 },
    { "id": 540, "name": "Thành phố Quy Nhơn", "provinceId": 52 },
    { "id": 542, "name": "Huyện An Lão", "provinceId": 52 },
    { "id": 543, "name": "Thị xã Hoài Nhơn", "provinceId": 52 },
    { "id": 544, "name": "Huyện Hoài Ân", "provinceId": 52 },
    { "id": 545, "name": "Huyện Phù Mỹ", "provinceId": 52 },
    { "id": 546, "name": "Huyện Vĩnh Thạnh", "provinceId": 52 },
    { "id": 547, "name": "Huyện Tây Sơn", "provinceId": 52 },
    { "id": 548, "name": "Huyện Phù Cát", "provinceId": 52 },
    { "id": 549, "name": "Thị xã An Nhơn", "provinceId": 52 },
    { "id": 550, "name": "Huyện Tuy Phước", "provinceId": 52 },
    { "id": 551, "name": "Huyện Vân Canh", "provinceId": 52 },
    { "id": 555, "name": "Thành phố Tuy Hoà", "provinceId": 54 },
    { "id": 557, "name": "Thị xã Sông Cầu", "provinceId": 54 },
    { "id": 558, "name": "Huyện Đồng Xuân", "provinceId": 54 },
    { "id": 559, "name": "Huyện Tuy An", "provinceId": 54 },
    { "id": 560, "name": "Huyện Sơn Hòa", "provinceId": 54 },
    { "id": 561, "name": "Huyện Sông Hinh", "provinceId": 54 },
    { "id": 562, "name": "Huyện Tây Hoà", "provinceId": 54 },
    { "id": 563, "name": "Huyện Phú Hoà", "provinceId": 54 },
    { "id": 564, "name": "Thị xã Đông Hòa", "provinceId": 54 },
    { "id": 568, "name": "Thành phố Nha Trang", "provinceId": 56 },
    { "id": 569, "name": "Thành phố Cam Ranh", "provinceId": 56 },
    { "id": 570, "name": "Huyện Cam Lâm", "provinceId": 56 },
    { "id": 571, "name": "Huyện Vạn Ninh", "provinceId": 56 },
    { "id": 572, "name": "Thị xã Ninh Hòa", "provinceId": 56 },
    { "id": 573, "name": "Huyện Khánh Vĩnh", "provinceId": 56 },
    { "id": 574, "name": "Huyện Diên Khánh", "provinceId": 56 },
    { "id": 575, "name": "Huyện Khánh Sơn", "provinceId": 56 },
    { "id": 576, "name": "Huyện Trường Sa", "provinceId": 56 },
    { "id": 582, "name": "Thành phố Phan Rang-Tháp Chàm", "provinceId": 58 },
    { "id": 584, "name": "Huyện Bác Ái", "provinceId": 58 },
    { "id": 585, "name": "Huyện Ninh Sơn", "provinceId": 58 },
    { "id": 586, "name": "Huyện Ninh Hải", "provinceId": 58 },
    { "id": 587, "name": "Huyện Ninh Phước", "provinceId": 58 },
    { "id": 588, "name": "Huyện Thuận Bắc", "provinceId": 58 },
    { "id": 589, "name": "Huyện Thuận Nam", "provinceId": 58 },
    { "id": 593, "name": "Thành phố Phan Thiết", "provinceId": 60 },
    { "id": 594, "name": "Thị xã La Gi", "provinceId": 60 },
    { "id": 595, "name": "Huyện Tuy Phong", "provinceId": 60 },
    { "id": 596, "name": "Huyện Bắc Bình", "provinceId": 60 },
    { "id": 597, "name": "Huyện Hàm Thuận Bắc", "provinceId": 60 },
    { "id": 598, "name": "Huyện Hàm Thuận Nam", "provinceId": 60 },
    { "id": 599, "name": "Huyện Tánh Linh", "provinceId": 60 },
    { "id": 600, "name": "Huyện Đức Linh", "provinceId": 60 },
    { "id": 601, "name": "Huyện Hàm Tân", "provinceId": 60 },
    { "id": 602, "name": "Huyện Phú Quí", "provinceId": 60 },
    { "id": 608, "name": "Thành phố Kon Tum", "provinceId": 62 },
    { "id": 610, "name": "Huyện Đắk Glei", "provinceId": 62 },
    { "id": 611, "name": "Huyện Ngọc Hồi", "provinceId": 62 },
    { "id": 612, "name": "Huyện Đắk Tô", "provinceId": 62 },
    { "id": 613, "name": "Huyện Kon Plông", "provinceId": 62 },
    { "id": 614, "name": "Huyện Kon Rẫy", "provinceId": 62 },
    { "id": 615, "name": "Huyện Đắk Hà", "provinceId": 62 },
    { "id": 616, "name": "Huyện Sa Thầy", "provinceId": 62 },
    { "id": 617, "name": "Huyện Tu Mơ Rông", "provinceId": 62 },
    { "id": 618, "name": "Huyện Ia H' Drai", "provinceId": 62 },
    { "id": 622, "name": "Thành phố Pleiku", "provinceId": 64 },
    { "id": 623, "name": "Thị xã An Khê", "provinceId": 64 },
    { "id": 624, "name": "Thị xã Ayun Pa", "provinceId": 64 },
    { "id": 625, "name": "Huyện KBang", "provinceId": 64 },
    { "id": 626, "name": "Huyện Đăk Đoa", "provinceId": 64 },
    { "id": 627, "name": "Huyện Chư Păh", "provinceId": 64 },
    { "id": 628, "name": "Huyện Ia Grai", "provinceId": 64 },
    { "id": 629, "name": "Huyện Mang Yang", "provinceId": 64 },
    { "id": 630, "name": "Huyện Kông Chro", "provinceId": 64 },
    { "id": 631, "name": "Huyện Đức Cơ", "provinceId": 64 },
    { "id": 632, "name": "Huyện Chư Prông", "provinceId": 64 },
    { "id": 633, "name": "Huyện Chư Sê", "provinceId": 64 },
    { "id": 634, "name": "Huyện Đăk Pơ", "provinceId": 64 },
    { "id": 635, "name": "Huyện Ia Pa", "provinceId": 64 },
    { "id": 637, "name": "Huyện Krông Pa", "provinceId": 64 },
    { "id": 638, "name": "Huyện Phú Thiện", "provinceId": 64 },
    { "id": 639, "name": "Huyện Chư Pưh", "provinceId": 64 },
    { "id": 643, "name": "Thành phố Buôn Ma Thuột", "provinceId": 66 },
    { "id": 644, "name": "Thị Xã Buôn Hồ", "provinceId": 66 },
    { "id": 645, "name": "Huyện Ea H'leo", "provinceId": 66 },
    { "id": 646, "name": "Huyện Ea Súp", "provinceId": 66 },
    { "id": 647, "name": "Huyện Buôn Đôn", "provinceId": 66 },
    { "id": 648, "name": "Huyện Cư M'gar", "provinceId": 66 },
    { "id": 649, "name": "Huyện Krông Búk", "provinceId": 66 },
    { "id": 650, "name": "Huyện Krông Năng", "provinceId": 66 },
    { "id": 651, "name": "Huyện Ea Kar", "provinceId": 66 },
    { "id": 652, "name": "Huyện M'Đrắk", "provinceId": 66 },
    { "id": 653, "name": "Huyện Krông Bông", "provinceId": 66 },
    { "id": 654, "name": "Huyện Krông Pắc", "provinceId": 66 },
    { "id": 655, "name": "Huyện Krông A Na", "provinceId": 66 },
    { "id": 656, "name": "Huyện Lắk", "provinceId": 66 },
    { "id": 657, "name": "Huyện Cư Kuin", "provinceId": 66 },
    { "id": 660, "name": "Thành phố Gia Nghĩa", "provinceId": 67 },
    { "id": 661, "name": "Huyện Đăk Glong", "provinceId": 67 },
    { "id": 662, "name": "Huyện Cư Jút", "provinceId": 67 },
    { "id": 663, "name": "Huyện Đắk Mil", "provinceId": 67 },
    { "id": 664, "name": "Huyện Krông Nô", "provinceId": 67 },
    { "id": 665, "name": "Huyện Đắk Song", "provinceId": 67 },
    { "id": 666, "name": "Huyện Đắk R'Lấp", "provinceId": 67 },
    { "id": 667, "name": "Huyện Tuy Đức", "provinceId": 67 },
    { "id": 672, "name": "Thành phố Đà Lạt", "provinceId": 68 },
    { "id": 673, "name": "Thành phố Bảo Lộc", "provinceId": 68 },
    { "id": 674, "name": "Huyện Đam Rông", "provinceId": 68 },
    { "id": 675, "name": "Huyện Lạc Dương", "provinceId": 68 },
    { "id": 676, "name": "Huyện Lâm Hà", "provinceId": 68 },
    { "id": 677, "name": "Huyện Đơn Dương", "provinceId": 68 },
    { "id": 678, "name": "Huyện Đức Trọng", "provinceId": 68 },
    { "id": 679, "name": "Huyện Di Linh", "provinceId": 68 },
    { "id": 680, "name": "Huyện Bảo Lâm", "provinceId": 68 },
    { "id": 681, "name": "Huyện Đạ Huoai", "provinceId": 68 },
    { "id": 682, "name": "Huyện Đạ Tẻh", "provinceId": 68 },
    { "id": 683, "name": "Huyện Cát Tiên", "provinceId": 68 },
    { "id": 688, "name": "Thị xã Phước Long", "provinceId": 70 },
    { "id": 689, "name": "Thành phố Đồng Xoài", "provinceId": 70 },
    { "id": 690, "name": "Thị xã Bình Long", "provinceId": 70 },
    { "id": 691, "name": "Huyện Bù Gia Mập", "provinceId": 70 },
    { "id": 692, "name": "Huyện Lộc Ninh", "provinceId": 70 },
    { "id": 693, "name": "Huyện Bù Đốp", "provinceId": 70 },
    { "id": 694, "name": "Huyện Hớn Quản", "provinceId": 70 },
    { "id": 695, "name": "Huyện Đồng Phú", "provinceId": 70 },
    { "id": 696, "name": "Huyện Bù Đăng", "provinceId": 70 },
    { "id": 697, "name": "Huyện Chơn Thành", "provinceId": 70 },
    { "id": 698, "name": "Huyện Phú Riềng", "provinceId": 70 },
    { "id": 703, "name": "Thành phố Tây Ninh", "provinceId": 72 },
    { "id": 705, "name": "Huyện Tân Biên", "provinceId": 72 },
    { "id": 706, "name": "Huyện Tân Châu", "provinceId": 72 },
    { "id": 707, "name": "Huyện Dương Minh Châu", "provinceId": 72 },
    { "id": 708, "name": "Huyện Châu Thành", "provinceId": 72 },
    { "id": 709, "name": "Thị xã Hòa Thành", "provinceId": 72 },
    { "id": 710, "name": "Huyện Gò Dầu", "provinceId": 72 },
    { "id": 711, "name": "Huyện Bến Cầu", "provinceId": 72 },
    { "id": 712, "name": "Thị xã Trảng Bàng", "provinceId": 72 },
    { "id": 718, "name": "Thành phố Thủ Dầu Một", "provinceId": 74 },
    { "id": 719, "name": "Huyện Bàu Bàng", "provinceId": 74 },
    { "id": 720, "name": "Huyện Dầu Tiếng", "provinceId": 74 },
    { "id": 721, "name": "Thị xã Bến Cát", "provinceId": 74 },
    { "id": 722, "name": "Huyện Phú Giáo", "provinceId": 74 },
    { "id": 723, "name": "Thị xã Tân Uyên", "provinceId": 74 },
    { "id": 724, "name": "Thành phố Dĩ An", "provinceId": 74 },
    { "id": 725, "name": "Thành phố Thuận An", "provinceId": 74 },
    { "id": 726, "name": "Huyện Bắc Tân Uyên", "provinceId": 74 },
    { "id": 731, "name": "Thành phố Biên Hòa", "provinceId": 75 },
    { "id": 732, "name": "Thành phố Long Khánh", "provinceId": 75 },
    { "id": 734, "name": "Huyện Tân Phú", "provinceId": 75 },
    { "id": 735, "name": "Huyện Vĩnh Cửu", "provinceId": 75 },
    { "id": 736, "name": "Huyện Định Quán", "provinceId": 75 },
    { "id": 737, "name": "Huyện Trảng Bom", "provinceId": 75 },
    { "id": 738, "name": "Huyện Thống Nhất", "provinceId": 75 },
    { "id": 739, "name": "Huyện Cẩm Mỹ", "provinceId": 75 },
    { "id": 740, "name": "Huyện Long Thành", "provinceId": 75 },
    { "id": 741, "name": "Huyện Xuân Lộc", "provinceId": 75 },
    { "id": 742, "name": "Huyện Nhơn Trạch", "provinceId": 75 },
    { "id": 747, "name": "Thành phố Vũng Tàu", "provinceId": 77 },
    { "id": 748, "name": "Thành phố Bà Rịa", "provinceId": 77 },
    { "id": 750, "name": "Huyện Châu Đức", "provinceId": 77 },
    { "id": 751, "name": "Huyện Xuyên Mộc", "provinceId": 77 },
    { "id": 752, "name": "Huyện Long Điền", "provinceId": 77 },
    { "id": 753, "name": "Huyện Đất Đỏ", "provinceId": 77 },
    { "id": 754, "name": "Thị xã Phú Mỹ", "provinceId": 77 },
    { "id": 755, "name": "Huyện Côn Đảo", "provinceId": 77 },
    { "id": 760, "name": "Quận 1", "provinceId": 79 },
    { "id": 761, "name": "Quận 12", "provinceId": 79 },
    { "id": 764, "name": "Quận Gò Vấp", "provinceId": 79 },
    { "id": 765, "name": "Quận Bình Thạnh", "provinceId": 79 },
    { "id": 766, "name": "Quận Tân Bình", "provinceId": 79 },
    { "id": 767, "name": "Quận Tân Phú", "provinceId": 79 },
    { "id": 768, "name": "Quận Phú Nhuận", "provinceId": 79 },
    { "id": 769, "name": "Thành phố Thủ Đức", "provinceId": 79 },
    { "id": 770, "name": "Quận 3", "provinceId": 79 },
    { "id": 771, "name": "Quận 10", "provinceId": 79 },
    { "id": 772, "name": "Quận 11", "provinceId": 79 },
    { "id": 773, "name": "Quận 4", "provinceId": 79 },
    { "id": 774, "name": "Quận 5", "provinceId": 79 },
    { "id": 775, "name": "Quận 6", "provinceId": 79 },
    { "id": 776, "name": "Quận 8", "provinceId": 79 },
    { "id": 777, "name": "Quận Bình Tân", "provinceId": 79 },
    { "id": 778, "name": "Quận 7", "provinceId": 79 },
    { "id": 783, "name": "Huyện Củ Chi", "provinceId": 79 },
    { "id": 784, "name": "Huyện Hóc Môn", "provinceId": 79 },
    { "id": 785, "name": "Huyện Bình Chánh", "provinceId": 79 },
    { "id": 786, "name": "Huyện Nhà Bè", "provinceId": 79 },
    { "id": 787, "name": "Huyện Cần Giờ", "provinceId": 79 },
    { "id": 794, "name": "Thành phố Tân An", "provinceId": 80 },
    { "id": 795, "name": "Thị xã Kiến Tường", "provinceId": 80 },
    { "id": 796, "name": "Huyện Tân Hưng", "provinceId": 80 },
    { "id": 797, "name": "Huyện Vĩnh Hưng", "provinceId": 80 },
    { "id": 798, "name": "Huyện Mộc Hóa", "provinceId": 80 },
    { "id": 799, "name": "Huyện Tân Thạnh", "provinceId": 80 },
    { "id": 800, "name": "Huyện Thạnh Hóa", "provinceId": 80 },
    { "id": 801, "name": "Huyện Đức Huệ", "provinceId": 80 },
    { "id": 802, "name": "Huyện Đức Hòa", "provinceId": 80 },
    { "id": 803, "name": "Huyện Bến Lức", "provinceId": 80 },
    { "id": 804, "name": "Huyện Thủ Thừa", "provinceId": 80 },
    { "id": 805, "name": "Huyện Tân Trụ", "provinceId": 80 },
    { "id": 806, "name": "Huyện Cần Đước", "provinceId": 80 },
    { "id": 807, "name": "Huyện Cần Giuộc", "provinceId": 80 },
    { "id": 808, "name": "Huyện Châu Thành", "provinceId": 80 },
    { "id": 815, "name": "Thành phố Mỹ Tho", "provinceId": 82 },
    { "id": 816, "name": "Thị xã Gò Công", "provinceId": 82 },
    { "id": 817, "name": "Thị xã Cai Lậy", "provinceId": 82 },
    { "id": 818, "name": "Huyện Tân Phước", "provinceId": 82 },
    { "id": 819, "name": "Huyện Cái Bè", "provinceId": 82 },
    { "id": 820, "name": "Huyện Cai Lậy", "provinceId": 82 },
    { "id": 821, "name": "Huyện Châu Thành", "provinceId": 82 },
    { "id": 822, "name": "Huyện Chợ Gạo", "provinceId": 82 },
    { "id": 823, "name": "Huyện Gò Công Tây", "provinceId": 82 },
    { "id": 824, "name": "Huyện Gò Công Đông", "provinceId": 82 },
    { "id": 825, "name": "Huyện Tân Phú Đông", "provinceId": 82 },
    { "id": 829, "name": "Thành phố Bến Tre", "provinceId": 83 },
    { "id": 831, "name": "Huyện Châu Thành", "provinceId": 83 },
    { "id": 832, "name": "Huyện Chợ Lách", "provinceId": 83 },
    { "id": 833, "name": "Huyện Mỏ Cày Nam", "provinceId": 83 },
    { "id": 834, "name": "Huyện Giồng Trôm", "provinceId": 83 },
    { "id": 835, "name": "Huyện Bình Đại", "provinceId": 83 },
    { "id": 836, "name": "Huyện Ba Tri", "provinceId": 83 },
    { "id": 837, "name": "Huyện Thạnh Phú", "provinceId": 83 },
    { "id": 838, "name": "Huyện Mỏ Cày Bắc", "provinceId": 83 },
    { "id": 842, "name": "Thành phố Trà Vinh", "provinceId": 84 },
    { "id": 844, "name": "Huyện Càng Long", "provinceId": 84 },
    { "id": 845, "name": "Huyện Cầu Kè", "provinceId": 84 },
    { "id": 846, "name": "Huyện Tiểu Cần", "provinceId": 84 },
    { "id": 847, "name": "Huyện Châu Thành", "provinceId": 84 },
    { "id": 848, "name": "Huyện Cầu Ngang", "provinceId": 84 },
    { "id": 849, "name": "Huyện Trà Cú", "provinceId": 84 },
    { "id": 850, "name": "Huyện Duyên Hải", "provinceId": 84 },
    { "id": 851, "name": "Thị xã Duyên Hải", "provinceId": 84 },
    { "id": 855, "name": "Thành phố Vĩnh Long", "provinceId": 86 },
    { "id": 857, "name": "Huyện Long Hồ", "provinceId": 86 },
    { "id": 858, "name": "Huyện Mang Thít", "provinceId": 86 },
    { "id": 859, "name": "Huyện  Vũng Liêm", "provinceId": 86 },
    { "id": 860, "name": "Huyện Tam Bình", "provinceId": 86 },
    { "id": 861, "name": "Thị xã Bình Minh", "provinceId": 86 },
    { "id": 862, "name": "Huyện Trà Ôn", "provinceId": 86 },
    { "id": 863, "name": "Huyện Bình Tân", "provinceId": 86 },
    { "id": 866, "name": "Thành phố Cao Lãnh", "provinceId": 87 },
    { "id": 867, "name": "Thành phố Sa Đéc", "provinceId": 87 },
    { "id": 868, "name": "Thành phố Hồng Ngự", "provinceId": 87 },
    { "id": 869, "name": "Huyện Tân Hồng", "provinceId": 87 },
    { "id": 870, "name": "Huyện Hồng Ngự", "provinceId": 87 },
    { "id": 871, "name": "Huyện Tam Nông", "provinceId": 87 },
    { "id": 872, "name": "Huyện Tháp Mười", "provinceId": 87 },
    { "id": 873, "name": "Huyện Cao Lãnh", "provinceId": 87 },
    { "id": 874, "name": "Huyện Thanh Bình", "provinceId": 87 },
    { "id": 875, "name": "Huyện Lấp Vò", "provinceId": 87 },
    { "id": 876, "name": "Huyện Lai Vung", "provinceId": 87 },
    { "id": 877, "name": "Huyện Châu Thành", "provinceId": 87 },
    { "id": 883, "name": "Thành phố Long Xuyên", "provinceId": 89 },
    { "id": 884, "name": "Thành phố Châu Đốc", "provinceId": 89 },
    { "id": 886, "name": "Huyện An Phú", "provinceId": 89 },
    { "id": 887, "name": "Thị xã Tân Châu", "provinceId": 89 },
    { "id": 888, "name": "Huyện Phú Tân", "provinceId": 89 },
    { "id": 889, "name": "Huyện Châu Phú", "provinceId": 89 },
    { "id": 890, "name": "Huyện Tịnh Biên", "provinceId": 89 },
    { "id": 891, "name": "Huyện Tri Tôn", "provinceId": 89 },
    { "id": 892, "name": "Huyện Châu Thành", "provinceId": 89 },
    { "id": 893, "name": "Huyện Chợ Mới", "provinceId": 89 },
    { "id": 894, "name": "Huyện Thoại Sơn", "provinceId": 89 },
    { "id": 899, "name": "Thành phố Rạch Giá", "provinceId": 91 },
    { "id": 900, "name": "Thành phố Hà Tiên", "provinceId": 91 },
    { "id": 902, "name": "Huyện Kiên Lương", "provinceId": 91 },
    { "id": 903, "name": "Huyện Hòn Đất", "provinceId": 91 },
    { "id": 904, "name": "Huyện Tân Hiệp", "provinceId": 91 },
    { "id": 905, "name": "Huyện Châu Thành", "provinceId": 91 },
    { "id": 906, "name": "Huyện Giồng Riềng", "provinceId": 91 },
    { "id": 907, "name": "Huyện Gò Quao", "provinceId": 91 },
    { "id": 908, "name": "Huyện An Biên", "provinceId": 91 },
    { "id": 909, "name": "Huyện An Minh", "provinceId": 91 },
    { "id": 910, "name": "Huyện Vĩnh Thuận", "provinceId": 91 },
    { "id": 911, "name": "Thành phố Phú Quốc", "provinceId": 91 },
    { "id": 912, "name": "Huyện Kiên Hải", "provinceId": 91 },
    { "id": 913, "name": "Huyện U Minh Thượng", "provinceId": 91 },
    { "id": 914, "name": "Huyện Giang Thành", "provinceId": 91 },
    { "id": 916, "name": "Quận Ninh Kiều", "provinceId": 92 },
    { "id": 917, "name": "Quận Ô Môn", "provinceId": 92 },
    { "id": 918, "name": "Quận Bình Thuỷ", "provinceId": 92 },
    { "id": 919, "name": "Quận Cái Răng", "provinceId": 92 },
    { "id": 923, "name": "Quận Thốt Nốt", "provinceId": 92 },
    { "id": 924, "name": "Huyện Vĩnh Thạnh", "provinceId": 92 },
    { "id": 925, "name": "Huyện Cờ Đỏ", "provinceId": 92 },
    { "id": 926, "name": "Huyện Phong Điền", "provinceId": 92 },
    { "id": 927, "name": "Huyện Thới Lai", "provinceId": 92 },
    { "id": 930, "name": "Thành phố Vị Thanh", "provinceId": 93 },
    { "id": 931, "name": "Thành phố Ngã Bảy", "provinceId": 93 },
    { "id": 932, "name": "Huyện Châu Thành A", "provinceId": 93 },
    { "id": 933, "name": "Huyện Châu Thành", "provinceId": 93 },
    { "id": 934, "name": "Huyện Phụng Hiệp", "provinceId": 93 },
    { "id": 935, "name": "Huyện Vị Thuỷ", "provinceId": 93 },
    { "id": 936, "name": "Huyện Long Mỹ", "provinceId": 93 },
    { "id": 937, "name": "Thị xã Long Mỹ", "provinceId": 93 },
    { "id": 941, "name": "Thành phố Sóc Trăng", "provinceId": 94 },
    { "id": 942, "name": "Huyện Châu Thành", "provinceId": 94 },
    { "id": 943, "name": "Huyện Kế Sách", "provinceId": 94 },
    { "id": 944, "name": "Huyện Mỹ Tú", "provinceId": 94 },
    { "id": 945, "name": "Huyện Cù Lao Dung", "provinceId": 94 },
    { "id": 946, "name": "Huyện Long Phú", "provinceId": 94 },
    { "id": 947, "name": "Huyện Mỹ Xuyên", "provinceId": 94 },
    { "id": 948, "name": "Thị xã Ngã Năm", "provinceId": 94 },
    { "id": 949, "name": "Huyện Thạnh Trị", "provinceId": 94 },
    { "id": 950, "name": "Thị xã Vĩnh Châu", "provinceId": 94 },
    { "id": 951, "name": "Huyện Trần Đề", "provinceId": 94 },
    { "id": 954, "name": "Thành phố Bạc Liêu", "provinceId": 95 },
    { "id": 956, "name": "Huyện Hồng Dân", "provinceId": 95 },
    { "id": 957, "name": "Huyện Phước Long", "provinceId": 95 },
    { "id": 958, "name": "Huyện Vĩnh Lợi", "provinceId": 95 },
    { "id": 959, "name": "Thị xã Giá Rai", "provinceId": 95 },
    { "id": 960, "name": "Huyện Đông Hải", "provinceId": 95 },
    { "id": 961, "name": "Huyện Hoà Bình", "provinceId": 95 },
    { "id": 964, "name": "Thành phố Cà Mau", "provinceId": 96 },
    { "id": 966, "name": "Huyện U Minh", "provinceId": 96 },
    { "id": 967, "name": "Huyện Thới Bình", "provinceId": 96 },
    { "id": 968, "name": "Huyện Trần Văn Thời", "provinceId": 96 },
    { "id": 969, "name": "Huyện Cái Nước", "provinceId": 96 },
    { "id": 970, "name": "Huyện Đầm Dơi", "provinceId": 96 },
    { "id": 971, "name": "Huyện Năm Căn", "provinceId": 96 },
    { "id": 972, "name": "Huyện Phú Tân", "provinceId": 96 },
    { "id": 973, "name": "Huyện Ngọc Hiển", "provinceId": 96 },
    { "id": "BV551", "name": "Huyện Tân Thành", "provinceId": 77 },
    { "id": "BV552", "name": "Huyện Long Đất", "provinceId": 77 },
    { "id": 975, "name": "Quận Hải Châu", "provinceId": 48 },
    { "id": 976, "name": "Quận Thanh Khê", "provinceId": 48 },
    { "id": 977, "name": "Quận Sơn Trà", "provinceId": 48 },
    { "id": 978, "name": "Quận Ngũ Hành Sơn", "provinceId": 48 },
    { "id": 979, "name": "Quận Liên Chiểu", "provinceId": 48 },
    { "id": 980, "name": "Quận Cẩm Lệ", "provinceId": 48 },
    { "id": 981, "name": "Huyện An Hải", "provinceId": 31 },
    { "id": 982, "name": "Huyện Từ Liêm", "provinceId": 1 },
    { "id": 983, "name": "Huyện Thông Nông", "provinceId": 4 },
    { "id": 984, "name": "Huyện Trà Lĩnh", "provinceId": 4 },
    { "id": 985, "name": "Huyện Phục Hòa", "provinceId": 4 },
    { "id": 986, "name": "Huyện Quảng Uyên", "provinceId": 4 },
    { "id": 987, "name": "Thị xã Cam Đường", "provinceId": 10 },
    { "id": 988, "name": "Huyện Than Uyên", "provinceId": 10 },
    { "id": 989, "name": "Thị xã Điện Biên Phủ", "provinceId": 12 },
    { "id": 990, "name": "Huyện Mường Lay", "provinceId": 12 },
    { "id": 991, "name": "Huyện Tủa Chùa", "provinceId": 12 },
    { "id": 992, "name": "Huyện Tuần Giáo", "provinceId": 12 },
    { "id": 993, "name": "Huyện Điện Biên", "provinceId": 12 },
    { "id": 994, "name": "Huyện Điện Biên Đông", "provinceId": 12 },
    { "id": 995, "name": "Huyện Kỳ Sơn", "provinceId": 17 },
    { "id": 996, "name": "Huyện Quảng Hà", "provinceId": 22 },
    { "id": 997, "name": "Huyện Hoành Bồ", "provinceId": 22 },
    { "id": 998, "name": "Huyện Yên Hưng", "provinceId": 22 },
    { "id": 999, "name": "Huyện Phong Châu", "provinceId": 25 },
    { "id": 1000, "name": "Huyện Sông Thao", "provinceId": 25 },
    { "id": 1001, "name": "Huyện Tam Thanh", "provinceId": 25 },
    { "id": 1002, "name": "Huyện Mỹ Văn", "provinceId": 33 },
    { "id": 1003, "name": "Huyện Châu Giang", "provinceId": 33 },
    { "id": 1004, "name": "Thị xã Sầm Sơn", "provinceId": 38 },
    { "id": 1005, "name": "Huyện Mường Lát", "provinceId": 38 },
    { "id": 1006, "name": "Huyện Quan Hóa", "provinceId": 38 },
    { "id": 1007, "name": "Huyện Quan Sơn", "provinceId": 38 },
    { "id": 1008, "name": "Huyện Bá Thước", "provinceId": 38 },
    { "id": 1009, "name": "Huyện Cẩm Thủy", "provinceId": 38 },
    { "id": 1010, "name": "Huyện Lang Chánh", "provinceId": 38 },
    { "id": 1011, "name": "Huyện Thạch Thành", "provinceId": 38 },
    { "id": 1012, "name": "Huyện Ngọc Lặc", "provinceId": 38 },
    { "id": 1013, "name": "Huyện Thường Xuân", "provinceId": 38 },
    { "id": 1014, "name": "Huyện Như Xuân", "provinceId": 38 },
    { "id": 1015, "name": "Huyện Như Thanh", "provinceId": 38 },
    { "id": 1016, "name": "Huyện Vĩnh Lộc", "provinceId": 38 },
    { "id": 1017, "name": "Huyện Hà Trung", "provinceId": 38 },
    { "id": 1018, "name": "Huyện Nga Sơn", "provinceId": 38 },
    { "id": 1019, "name": "Huyện Yên Định", "provinceId": 38 },
    { "id": 1020, "name": "Huyện Thọ Xuân", "provinceId": 38 },
    { "id": 1021, "name": "Huyện Hậu Lộc", "provinceId": 38 },
    { "id": 1022, "name": "Huyện Thiệu Hóa", "provinceId": 38 },
    { "id": 1023, "name": "Huyện Hoằng Hóa", "provinceId": 38 },
    { "id": 1024, "name": "Huyện Đông Sơn", "provinceId": 38 },
    { "id": 1025, "name": "Huyện Triệu Sơn", "provinceId": 38 },
    { "id": 1026, "name": "Huyện Quảng Xương", "provinceId": 38 },
    { "id": 1027, "name": "Huyện Nông Cống", "provinceId": 38 },
    { "id": 1028, "name": "Huyện Tĩnh Gia", "provinceId": 38 },
    { "id": 1029, "name": "Thị xã Nghi Sơn", "provinceId": 38 },
    { "id": 1030, "name": "Thành phố Vinh", "provinceId": 40 },
    { "id": 1031, "name": "Thị xã Cửa Lò", "provinceId": 40 },
    { "id": 1032, "name": "Huyện Quế Phong", "provinceId": 40 },
    { "id": 1033, "name": "Huyện Quỳ Châu", "provinceId": 40 },
    { "id": 1034, "name": "Huyện Kỳ Sơn", "provinceId": 40 },
    { "id": 1035, "name": "Huyện Quỳ Hợp", "provinceId": 40 },
    { "id": 1036, "name": "Huyện Nghĩa Đàn", "provinceId": 40 },
    { "id": 1037, "name": "Huyện Tương Dương", "provinceId": 40 },
    { "id": 1038, "name": "Huyện Quỳnh Lưu", "provinceId": 40 },
    { "id": 1039, "name": "Huyện Tân Kỳ", "provinceId": 40 },
    { "id": 1040, "name": "Huyện Con Cuông", "provinceId": 40 },
    { "id": 1041, "name": "Huyện Yên Thành", "provinceId": 40 },
    { "id": 1042, "name": "Huyện Diễn Châu", "provinceId": 40 },
    { "id": 1043, "name": "Huyện Anh Sơn", "provinceId": 40 },
    { "id": 1044, "name": "Huyện Đô Lương", "provinceId": 40 },
    { "id": 1045, "name": "Huyện Thanh Chương", "provinceId": 40 },
    { "id": 1046, "name": "Huyện Nghi Lộc", "provinceId": 40 },
    { "id": 1047, "name": "Huyện Nam Đàn", "provinceId": 40 },
    { "id": 1048, "name": "Huyện Hưng Nguyên", "provinceId": 40 },
    { "id": 1049, "name": "Thị Xã Hoàng Mai", "provinceId": 40 },
    { "id": 1050, "name": "Thị Xã Thái Hòa", "provinceId": 40 },
    { "id": 1051, "name": "Thành phố Hà Tĩnh", "provinceId": 42 },
    { "id": 1052, "name": "Thị xã Hồng Lĩnh", "provinceId": 42 },
    { "id": 1053, "name": "Huyện Nghi Xuân", "provinceId": 42 },
    { "id": 1054, "name": "Huyện Đức Thọ", "provinceId": 42 },
    { "id": 1055, "name": "Huyện Hương Sơn", "provinceId": 42 },
    { "id": 1056, "name": "Huyện Can Lộc", "provinceId": 42 },
    { "id": 1057, "name": "Huyện Thạch Hà", "provinceId": 42 },
    { "id": 1058, "name": "Huyện Cẩm Xuyên", "provinceId": 42 },
    { "id": 1059, "name": "Huyện Hương Khê", "provinceId": 42 },
    { "id": 1060, "name": "Huyện Kỳ Anh", "provinceId": 42 },
    { "id": 1061, "name": "Huyện Vũ Quang", "provinceId": 42 },
    { "id": 1062, "name": "Huyện Lộc Hà", "provinceId": 42 },
    { "id": 1063, "name": "Thị xã Kỳ Anh", "provinceId": 42 },
    { "id": 1064, "name": "Thành phố Đồng Hới", "provinceId": 44 },
    { "id": 1065, "name": "Huyện Tuyên Hóa", "provinceId": 44 },
    { "id": 1066, "name": "Huyện Minh Hóa", "provinceId": 44 },
    { "id": 1067, "name": "Huyện Quảng Trạch", "provinceId": 44 },
    { "id": 1068, "name": "Huyện Bố Trạch", "provinceId": 44 },
    { "id": 1069, "name": "Huyện Quảng Ninh", "provinceId": 44 },
    { "id": 1070, "name": "Huyện Lệ Thủy", "provinceId": 44 },
    { "id": 1071, "name": "Thị Xã Ba Đồn", "provinceId": 44 },
    { "id": 1072, "name": "Thành phố Đông Hà", "provinceId": 45 },
    { "id": 1073, "name": "Thị xã Quảng Trị", "provinceId": 45 },
    { "id": 1074, "name": "Huyện Vĩnh Linh", "provinceId": 45 },
    { "id": 1075, "name": "Huyện Gio Linh", "provinceId": 45 },
    { "id": 1076, "name": "Huyện Cam Lộ", "provinceId": 45 },
    { "id": 1077, "name": "Huyện Triệu Phong", "provinceId": 45 },
    { "id": 1078, "name": "Huyện Hải Lăng", "provinceId": 45 },
    { "id": 1079, "name": "Huyện Hướng Hóa", "provinceId": 45 },
    { "id": 1080, "name": "Huyện Đa Krông", "provinceId": 45 },
    { "id": 1081, "name": "Huyện Cồn Cỏ", "provinceId": 45 },
    { "id": 1082, "name": "Thành phố Huế", "provinceId": 46 },
    { "id": 1083, "name": "Huyện Phong Điền", "provinceId": 46 },
    { "id": 1084, "name": "Huyện Quảng Điền", "provinceId": 46 },
    { "id": 1085, "name": "Thị xã Hương Trà", "provinceId": 46 },
    { "id": 1086, "name": "Huyện Phú Vang", "provinceId": 46 },
    { "id": 1087, "name": "Thị xã Hương Thủy", "provinceId": 46 },
    { "id": 1088, "name": "Huyện Phú Lộc", "provinceId": 46 },
    { "id": 1089, "name": "Huyện A Lưới", "provinceId": 46 },
    { "id": 1090, "name": "Huyện Nam Đông", "provinceId": 46 },
    { "id": 1091, "name": "Huyện Hiên", "provinceId": 49 },
    { "id": 1092, "name": "Huyện Giằng", "provinceId": 49 },
    { "id": 1093, "name": "Huyện Tây Trà", "provinceId": 51 },
    { "id": 1094, "name": "Huyện Tân Bình", "provinceId": 72 },
    { "id": 1095, "name": "Quận 2", "provinceId": 79 },
    { "id": 1096, "name": "Quận 9", "provinceId": 79 },
    { "id": 1097, "name": "Quận Thủ Đức", "provinceId": 79 },
    { "id": 1098, "name": "Thị xã Hồng Ngự", "provinceId": 87 },
    { "id": 1099, "name": "Huyện Châu Thành", "provinceId": 92 },
    { "id": 1100, "name": "Huyện Phụng Hiệp", "provinceId": 92 },
    { "id": 1101, "name": "Huyện Long Mỹ", "provinceId": 92 },
    { "id": 1102, "name": "Quận Thốt Nốt", "provinceId": 97 }
]
