[
    { "id": 1, "name": "Thành phố Hà Nội", "countryId": 6 },
    { "id": 2, "name": "Tỉnh Hà Giang", "countryId": 6 },
    { "id": 4, "name": "Tỉnh Cao Bằng", "countryId": 6 },
    { "id": 6, "name": "Tỉnh Bắc Kạn", "countryId": 6 },
    { "id": 8, "name": "Tỉnh Tuyên Quang", "countryId": 6 },
    { "id": 10, "name": "Tỉnh Lào Cai", "countryId": 6 },
    { "id": 11, "name": "Tỉnh Điện Biên", "countryId": 6 },
    { "id": 12, "name": "Tỉnh Lai Châu", "countryId": 6 },
    { "id": 14, "name": "Tỉnh Sơn La", "countryId": 6 },
    { "id": 15, "name": "Tỉnh Yên Bái", "countryId": 6 },
    { "id": 17, "name": "Tỉnh Hoà Bình", "countryId": 6 },
    { "id": 19, "name": "Tỉnh Thái Nguyên", "countryId": 6 },
    { "id": 20, "name": "Tỉnh Lạng Sơn", "countryId": 6 },
    { "id": 22, "name": "Tỉnh Quảng Ninh", "countryId": 6 },
    { "id": 24, "name": "Tỉnh Bắc Giang", "countryId": 6 },
    { "id": 25, "name": "Tỉnh Phú Thọ", "countryId": 6 },
    { "id": 26, "name": "Tỉnh Vĩnh Phúc", "countryId": 6 },
    { "id": 27, "name": "Tỉnh Bắc Ninh", "countryId": 6 },
    { "id": 30, "name": "Tỉnh Hải Dương", "countryId": 6 },
    { "id": 31, "name": "Thành phố Hải Phòng", "countryId": 6 },
    { "id": 33, "name": "Tỉnh Hưng Yên", "countryId": 6 },
    { "id": 34, "name": "Tỉnh Thái Bình", "countryId": 6 },
    { "id": 35, "name": "Tỉnh Hà Nam", "countryId": 6 },
    { "id": 36, "name": "Tỉnh Nam Định", "countryId": 6 },
    { "id": 37, "name": "Tỉnh Ninh Bình", "countryId": 6 },
    { "id": 38, "name": "Tỉnh Thanh Hóa", "countryId": 6 },
    { "id": 40, "name": "Tỉnh Nghệ An", "countryId": 6 },
    { "id": 42, "name": "Tỉnh Hà Tĩnh", "countryId": 6 },
    { "id": 44, "name": "Tỉnh Quảng Bình", "countryId": 6 },
    { "id": 45, "name": "Tỉnh Quảng Trị", "countryId": 6 },
    { "id": 46, "name": "Tỉnh Thừa Thiên Huế", "countryId": 6 },
    { "id": 48, "name": "Thành phố Đà Nẵng", "countryId": 6 },
    { "id": 49, "name": "Tỉnh Quảng Nam", "countryId": 6 },
    { "id": 51, "name": "Tỉnh Quảng Ngãi", "countryId": 6 },
    { "id": 52, "name": "Tỉnh Bình Định", "countryId": 6 },
    { "id": 54, "name": "Tỉnh Phú Yên", "countryId": 6 },
    { "id": 56, "name": "Tỉnh Khánh Hòa", "countryId": 6 },
    { "id": 58, "name": "Tỉnh Ninh Thuận", "countryId": 6 },
    { "id": 60, "name": "Tỉnh Bình Thuận", "countryId": 6 },
    { "id": 62, "name": "Tỉnh Kon Tum", "countryId": 6 },
    { "id": 64, "name": "Tỉnh Gia Lai", "countryId": 6 },
    { "id": 66, "name": "Tỉnh Đắk Lắk", "countryId": 6 },
    { "id": 67, "name": "Tỉnh Đắk Nông", "countryId": 6 },
    { "id": 68, "name": "Tỉnh Lâm Đồng", "countryId": 6 },
    { "id": 70, "name": "Tỉnh Bình Phước", "countryId": 6 },
    { "id": 72, "name": "Tỉnh Tây Ninh", "countryId": 6 },
    { "id": 74, "name": "Tỉnh Bình Dương", "countryId": 6 },
    { "id": 75, "name": "Tỉnh Đồng Nai", "countryId": 6 },
    { "id": 77, "name": "Tỉnh Bà Rịa - Vũng Tàu", "countryId": 6 },
    { "id": 79, "name": "Thành phố Hồ Chí Minh", "countryId": 6 },
    { "id": 80, "name": "Tỉnh Long An", "countryId": 6 },
    { "id": 82, "name": "Tỉnh Tiền Giang", "countryId": 6 },
    { "id": 83, "name": "Tỉnh Bến Tre", "countryId": 6 },
    { "id": 84, "name": "Tỉnh Trà Vinh", "countryId": 6 },
    { "id": 86, "name": "Tỉnh Vĩnh Long", "countryId": 6 },
    { "id": 87, "name": "Tỉnh Đồng Tháp", "countryId": 6 },
    { "id": 89, "name": "Tỉnh An Giang", "countryId": 6 },
    { "id": 91, "name": "Tỉnh Kiên Giang", "countryId": 6 },
    { "id": 92, "name": "Thành phố Cần Thơ", "countryId": 6 },
    { "id": 93, "name": "Tỉnh Hậu Giang", "countryId": 6 },
    { "id": 94, "name": "Tỉnh Sóc Trăng", "countryId": 6 },
    { "id": 95, "name": "Tỉnh Bạc Liêu", "countryId": 6 },
    { "id": 96, "name": "Tỉnh Cà Mau", "countryId": 6 },
    { "id": 97, "name": "Quận Thốt Nốt", "countryId": 6 },
    { "id": 98, "name": "SBC Cà Mau", "countryId": 6 },
    { "id": 99, "name": "HNK HCM Quận 2", "countryId": 6 },
    { "id": 2010, "name": "Kangar - Kedah", "countryId": 2 },
    { "id": 2020, "name": "Kedah", "countryId": 2 },
    { "id": 2021, "name": "Sungai Petani - Kedah", "countryId": 2 },
    { "id": 2022, "name": "Alor Setar - Kedah", "countryId": 2 },
    { "id": 2030, "name": "Pulau Pinang", "countryId": 2 },
    { "id": 2040, "name": "Machang - Kelantan", "countryId": 2 },
    { "id": 2050, "name": "Terengganu", "countryId": 2 },
    { "id": 2051, "name": "Paka - Terengganu", "countryId": 2 },
    { "id": 2052, "name": "Kuala Terengganu - Terengganu", "countryId": 2 },
    { "id": 2060, "name": "Pahang", "countryId": 2 },
    { "id": 2061, "name": "Mentakab - Pahang", "countryId": 2 },
    { "id": 2062, "name": "Raub - Pahang", "countryId": 2 },
    { "id": 2070, "name": "Perak", "countryId": 2 },
    { "id": 2071, "name": "Taiping - Perak", "countryId": 2 },
    { "id": 2072, "name": "Teluk Intan - Perak", "countryId": 2 },
    { "id": 2073, "name": "Setiawan - Perak", "countryId": 2 },
    { "id": 2080, "name": "Selangor", "countryId": 2 },
    { "id": 2090, "name": "Kuala Lumpur", "countryId": 2 },
    { "id": 2100, "name": "Putrajaya", "countryId": 2 },
    { "id": 2110, "name": "Negeri Sembilan", "countryId": 2 },
    { "id": 2120, "name": "Melaka", "countryId": 2 },
    { "id": 2130, "name": "Johor", "countryId": 2 },
    { "id": 2131, "name": "Segamat - Johor", "countryId": 2 },
    { "id": 2132, "name": "Yong Peng - Johor", "countryId": 2 },
    { "id": 2501, "name": "Labuan", "countryId": 2 },
    { "id": 2502, "name": "Sabah", "countryId": 2 },
    { "id": 2503, "name": "Sarawak", "countryId": 2 },
    { "id": 2504, "name": "Ipoh - Perak", "countryId": 2 },
    { "id": 2505, "name": "Bukit Mertajam - Pulau Pinang", "countryId": 2 },
    { "id": 2506, "name": "Subang Jaya - Selangor", "countryId": 2 },
    { "id": 2507, "name": "Seremban - Negeri Sembilan", "countryId": 2 }
]
