[
    {
        "id": "c712aa9c-a6e0-47eb-b906-b0fdd821a63b",
        "created_by": "vietlong.nguyen@ninjavan.co",
        "created_at": "2024-08-29T02:55:42Z",
        "created_at_timestamp": 1724900141,
        "updated_by": "vietlong.nguyen@ninjavan.co",
        "updated_at": "2024-08-29T03:05:27Z",
        "updated_at_timestamp": 1724900727,
        "driver_id": "1234",
        "driver_name": "Nguyễn Văn B",
        "truck_type": "2ton",
        "hub_id": "",
        "warehouse_id": "cb91378f-5576-4314-a9bc-cb461eb00274",
        "province_id": "56",
        "shift": 1,
        "shipping_day": 1724900062678,
        "route_meta": {},
        "status": "created",
        "route_tracking_id": "",
        "orders": null
    }
]
