{
    "id": "c712aa9c-a6e0-47eb-b906-b0fdd821a63b",
    "created_by": "vietlong.nguyen@ninjavan.co",
    "created_at": "2024-08-29T02:55:42Z",
    "created_at_timestamp": 1724900141,
    "updated_by": "vietlong.nguyen@ninjavan.co",
    "updated_at": "2024-08-29T03:05:27Z",
    "updated_at_timestamp": 1724900727,
    "driver_id": "1234",
    "driver_name": "Nguyễn Văn B",
    "truck_type": "2ton",
    "hub_id": "",
    "warehouse_id": "cb91378f-5576-4314-a9bc-cb461eb00274",
    "province_id": "56",
    "shift": 1,
    "shipping_day": 1724900062678,
    "route_meta": {},
    "status": "created",
    "route_tracking_id": "",
    "orders": [
        {
            "id": "26a05758-9e89-4cb4-8670-600ef0b43615",
            "created_by": "vietlong.nguyen@ninjavan.co",
            "created_at": "2024-08-29T04:34:28Z",
            "created_at_timestamp": 1724906068,
            "updated_by": "vietlong.nguyen@ninjavan.co",
            "updated_at": "2024-08-29T04:34:28Z",
            "updated_at_timestamp": 1724906068,
            "order_id": "89da9acd-caf5-4fd0-b11e-10c06007c489",
            "shipping_request_id": "c712aa9c-a6e0-47eb-b906-b0fdd821a63b",
            "tracking_id": "",
            "status": "init",
            "address_meta": {
                "address": "Ba Ria - Vung Tau",
                "provinceId": "77",
                "countryId": "6",
                "districtId": "747",
                "wardId": "26506",
                "isDefault": false,
                "countryName": "VietNam",
                "provinceName": "Tỉnh Bà Rịa - Vũng Tàu",
                "districtName": "Thành phố Vũng Tàu",
                "wardName": "Phường 1"
            },
            "grand_total": 723750,
            "gross_weight": 468,
            "deliver_province_id": "77",
            "deliver_district_id": "747",
            "deliver_ward_id": "26506"
        }
    ]
}
