{
    "token": "/realms/InterOp/protocol/openid-connect/token",
    "master": "/1.0/portal/master",
    "upload": {
        "mart-sp-image": "/1.0/portal/image/upload",
        "promotion-image": "/1.0/portal/promotion/upload/image"
    },
    "account": {
        "create": "/1.0/portal/account",
        "update": "/1.0/portal/account",
        "detail": "/1.0/portal/account"
    },
    "inventory": {
        "search": "/1.0/portal/inventories/search",
        "search-os": "/warehouse/inventory/search"
    },
    "product": {
        "search": "/1.0/portal/sku/search",
        "search-base-on-price": "/1.0/portal/sku/price/search",
        "detail-id": "/1.0/portal/sku/:id",
        "detail-code": "/1.0/portal/sku/detail",
        "enable": "/1.0/portal/sku/:id/enable",
        "deactivate": "/1.0/portal/sku/:id/disable",
        "upsert-my": "/1.0/portal/sku/bulk/my",
        "upsert-vn": "/1.0/portal/sku/bulk/vn",
        "export-my": "/1.0/portal/sku/bulk/my",
        "export-vn": "/1.0/portal/sku/bulk/vn",
        "tier": "/1.0/portal/sku/:productId/warehouse/:warehouseId/tier"
    },
    "product-point": {
        "list": "/1.0/portal/skupoints/template",
        "update": "/1.0/portal/skupoints",
        "create-file-name": "/1.0/portal/skupoints/file",
        "search-file-name": "/1.0/portal/skupoints/file",
        "history": "/1.0/portal/skupoints/sync",
        "sync": "/1.0/portal/skupoints/sync/:warehouseId"
    },
    "uom": {
        "update-cx-meta": "/1.0/portal/skuconfig/:id/cxmeta"
    },
    "order": {
        "search": "/1.1/portal/orders/search",
        "search-by-product": "/1.1/portal/orders/search-by-product",
        "update": "/1.0/portal/orders/:id",
        "cancel-completed-order": "/1.0/portal/orders/:id/cancel/complete-order",
        "cancel-uncompleted-order": "/1.0/portal/orders/:id/cancel",
        "update-cancel-request": "/1.0/portal/orders/:id/request-cancel"
    },
    "purchase-order": {
        "search": "/1.0/portal/po",
        "create": "/1.0/portal/po",
        "update": "/1.0/portal/po/:id",
        "update-status": "/1.0/portal/po/:id/status",
        "detail": "/1.0/portal/po/:id",
        "export": "/1.0/portal/po/:id/export"
    },
    "inventory-forecast": {
        "search": "/1.0/portal/inventories/forecast"
    },
    "promo": {
        "search": "/2.0/deals",
        "version": "/2.0/deals/:id/version",
        "applied-times": "/2.0/deals/:id/count",
        "sync": "/1.0/portal/amast/promotion/sync",
        "deactivate": "/1.0/deals/:id",
        "update": "/1.0/deals/:id",
        "create": "/1.0/deals"
    },
    "movcata": {
        "search": "/2.0/deals/movcata",
        "detail": "/2.0/deals/movcata/:code"
    },
    "supplier": {
        "search": "/1.0/portal/suppliers",
        "create": "/1.0/portal/suppliers",
        "update": "/1.0/portal/suppliers/:id",
        "detail": "/1.0/portal/suppliers/:id",
        "delete": "/1.0/portal/suppliers/:id"
    },
    "brand": {
        "create": "/1.0/portal/brand/create",
        "update": "/1.0/portal/brand/:id",
        "delete": "/1.0/portal/brand/:id",
        "count-assigned-products": "/1.0/portal/brand/:id/sku-count"
    },
    "loyalty-service": {
        "search": "/1.0/portal/loyalty/programs",
        "create": "/1.0/portal/loyalty/programs",
        "update": "/1.0/portal/loyalty/programs/:id",
        "detail": "/1.0/portal/loyalty/programs/:id"
    },
    "commission": {
        "current": "/1.0/portal/commission",
        "create": "/1.0/portal/commission",
        "detail": "/1.0/portal/commission/:id"
    },
    "cashbackMovement": {
        "search-earning": "/1.0/external/ito/earnings",
        "count-earning": "/1.0/external/ito/earnings/count",
        "search-redemption": "/1.0/external/ito/instant-redemptions",
        "count-redemption": "/1.0/external/ito/instant-redemptions/count"
    },
    "pricing": {
        "export-vn": "/1.0/portal/sku/bulk/vn/pricing",
        "upsert-vn": "/1.0/portal/sku/bulk/vn/pricing"
    },
    "customer": {
        "search": "/1.0/portal/customers/search",
        "detail": "/1.0/portal/customers/:id",
        "detail-by-amast-id": "/1.0/portal/customers/detail"
    },
    "spinTheWheelReward": {
        "search": "/1.0/portal/loyalty/spin-the-wheel/report",
        "count": "/1.0/portal/loyalty/spin-the-wheel/report/count"
    },
    "shipping-request": {
        "search": "/1.0/portal/route/search",
        "detail": "/1.0/portal/route/:id",
        "update": "/1.0/portal/route/:id",
        "create": "/1.0/portal/route",
        "add-order": "/1.0/portal/route/:shippingRequestId/order/:orderId",
        "remove-order": "/1.0/portal/route/:shippingRequestId/order/:orderId",
        "retry": "/1.0/portal/route/:shippingRequestId/retry"
    }
}
