{
  "id": "1",
  "activityLogs": [
    {
      "id": "1",
      "executedAt": "2019-01-01T00:00:00.000Z",
      "executedBy": "user 1",
      "syncDirection": "HRV -> ITO",
      "syncStatus": "Successful",
      "currentOrderStatus": "Order created",
      "description": "Lorem ipsum",
      "receivedAt": "2019-01-01T00:00:00.000Z",
      "failedAt": null,
      "succeededAt": "2019-01-01T00:00:02.000Z"
    },
    {
      "id": "2",
      "executedAt": "2019-01-01T00:00:00.000Z",
      "executedBy": "user 1",
      "syncDirection": "HRV -> ITO",
      "syncStatus": "Failed",
      "currentOrderStatus": "Order created",
      "description": "Lorem ipsum",
      "receivedAt": "2019-01-01T00:00:00.000Z",
      "failedAt": "2019-01-01T00:00:03.000Z",
      "succeededAt": "2019-01-01T00:00:03.000Z"
    },
    {
      "id": "3",
      "executedAt": "2019-01-01T00:00:00.000Z",
      "executedBy": "user 1",
      "syncDirection": "HRV -> ITO",
      "syncStatus": "Successful",
      "currentOrderStatus": "Order created",
      "description": "Lorem ipsum",
      "receivedAt": "2019-01-01T00:00:00.000Z",
      "failedAt": null,
      "succeededAt": "2019-01-01T00:00:04.000Z"
    },
    {
      "id": "4",
      "executedAt": "2019-01-01T00:00:00.000Z",
      "executedBy": "user 1",
      "syncDirection": "HRV -> ITO",
      "syncStatus": "Successful",
      "currentOrderStatus": "Order created",
      "description": "Lorem ipsum",
      "receivedAt": "2019-01-01T00:00:00.000Z",
      "failedAt": null,
      "succeededAt": "2019-01-01T00:00:00.000Z"
    },
    {
      "id": "5",
      "executedAt": "2019-01-01T00:00:00.000Z",
      "executedBy": "user 1",
      "syncDirection": "HRV -> ITO",
      "syncStatus": "Successful",
      "currentOrderStatus": "Order created",
      "description": "Lorem ipsum",
      "receivedAt": "2019-01-01T00:00:00.000Z",
      "failedAt": null,
      "succeededAt": "2019-01-01T00:00:00.000Z"
    },
    {
      "id": "6",
      "executedAt": "2019-01-01T00:00:00.000Z",
      "executedBy": "user 1",
      "syncDirection": "HRV -> ITO",
      "syncStatus": "Successful",
      "currentOrderStatus": "Order created",
      "description": "Lorem ipsum",
      "receivedAt": "2019-01-01T00:00:00.000Z",
      "failedAt": null,
      "succeededAt": "2019-01-01T00:00:00.000Z"
    }
  ]
}
