[
  {
    "id": 1,
    "code": "DEFAULT",
    "name": "DEFAULT",
    "nameVi": "Mặc Định",
    "level": 1,
    "parentId": null,
    "parentName": null,
    "parentNameVi": null
  },
  {
    "id": 2,
    "code": "GROCERY",
    "name": "Grocery",
    "nameVi": "Tạp Hóa",
    "level": 1,
    "parentId": null,
    "parentName": null,
    "parentNameVi": null
  },
  {
    "id": 3,
    "code": "BEVERAGES",
    "name": "Beverages",
    "nameVi": "Thức Uống",
    "level": 1,
    "parentId": null,
    "parentName": null,
    "parentNameVi": null
  },
  {
    "id": 4,
    "code": "DAIRY",
    "name": "Dairy",
    "nameVi": "Bơ Sữa",
    "level": 1,
    "parentId": null,
    "parentName": null,
    "parentNameVi": null
  },
  {
    "id": 5,
    "code": "DETERGENTS_PERSONAL_CARE",
    "name": "Detergents & Personal care",
    "nameVi": "Hóa Mỹ Phẩm",
    "level": 1,
    "parentId": null,
    "parentName": null,
    "parentNameVi": null
  },
  {
    "id": 6,
    "code": "OTHER",
    "name": "Other Non-Food",
    "nameVi": "Khác",
    "level": 1,
    "parentId": null,
    "parentName": null,
    "parentNameVi": null
  },
  {
    "id": 7,
    "code": "SWEET",
    "name": "Sweet & Confectionary",
    "nameVi": "Đồ Ngọt & Bánh Kẹo",
    "level": 1,
    "parentId": null,
    "parentName": null,
    "parentNameVi": null
  },
  {
    "id": 8,
    "code": "AGRICULTURE",
    "name": "Agriculture",
    "nameVi": "Hàng Nông Sản",
    "level": 2,
    "parentId": 2,
    "parentName": "Grocery",
    "parentNameVi": "Tạp Hóa"
  },
  {
    "id": 11,
    "code": "CANNED_PRODUCTS",
    "name": "Canned Products",
    "nameVi": "Thức Ăn Đóng Hộp",
    "level": 2,
    "parentId": 2,
    "parentName": "Grocery",
    "parentNameVi": "Tạp Hóa"
  },
  {
    "id": 16,
    "code": "SEASONINGS",
    "name": "Seasonings",
    "nameVi": "Gia Vị",
    "level": 2,
    "parentId": 2,
    "parentName": "Grocery",
    "parentNameVi": "Tạp Hóa"
  },
  {
    "id": 17,
    "code": "INSTANT_FOOD",
    "name": "Instant food",
    "nameVi": "Mì Ăn Liền",
    "level": 2,
    "parentId": 2,
    "parentName": "Grocery",
    "parentNameVi": "Tạp Hóa"
  },
  {
    "id": 20,
    "code": "COOKING_OIL",
    "name": "Cooking Oil",
    "nameVi": "Dầu Ăn",
    "level": 2,
    "parentId": 2,
    "parentName": "Grocery",
    "parentNameVi": "Tạp Hóa"
  },
  {
    "id": 21,
    "code": "SAUCES",
    "name": "Sauces",
    "nameVi": "Nước Chấm",
    "level": 2,
    "parentId": 2,
    "parentName": "Grocery",
    "parentNameVi": "Tạp Hóa"
  },
  {
    "id": 24,
    "code": "WATER",
    "name": "Water",
    "nameVi": "Nước Suối",
    "level": 2,
    "parentId": 2,
    "parentName": "Grocery",
    "parentNameVi": "Tạp Hóa"
  },
  {
    "id": 31,
    "code": "COOKING_INGREDIENT",
    "name": "Cooking ingredient",
    "nameVi": "Nguyên Liệu Nấu Ăn",
    "level": 2,
    "parentId": 2,
    "parentName": "Grocery",
    "parentNameVi": "Tạp Hóa"
  },
  {
    "id": 10,
    "code": "BEER",
    "name": "Beer",
    "nameVi": "Bia",
    "level": 2,
    "parentId": 3,
    "parentName": "Beverages",
    "parentNameVi": "Thức Uống"
  },
  {
    "id": 12,
    "code": "CARB_DRINKS",
    "name": "Carb Drinks",
    "nameVi": "Nước Có Ga ",
    "level": 2,
    "parentId": 3,
    "parentName": "Beverages",
    "parentNameVi": "Thức Uống"
  },
  {
    "id": 19,
    "code": "SOFT_DRINKS",
    "name": "Soft drinks",
    "nameVi": "Nước Ngọt",
    "level": 2,
    "parentId": 3,
    "parentName": "Beverages",
    "parentNameVi": "Thức Uống"
  },
  {
    "id": 22,
    "code": "NON_CARB_DRINKS",
    "name": "Non carb drinks",
    "nameVi": "Nước Không Có Ga",
    "level": 2,
    "parentId": 3,
    "parentName": "Beverages",
    "parentNameVi": "Thức Uống"
  },
  {
    "id": 23,
    "code": "FRUIT_JUICE",
    "name": "Fruit Juice",
    "nameVi": "Nước Trái Cây",
    "level": 2,
    "parentId": 3,
    "parentName": "Beverages",
    "parentNameVi": "Thức Uống"
  },
  {
    "id": 14,
    "code": "CEREAL_MILK",
    "name": "Cereal Milk",
    "nameVi": "Sữa Ngũ Cốc",
    "level": 2,
    "parentId": 4,
    "parentName": "Dairy",
    "parentNameVi": "Bơ Sữa"
  },
  {
    "id": 25,
    "code": "CONDENSED_MILK",
    "name": "Condensed Milk",
    "nameVi": "Sữa Đặc",
    "level": 2,
    "parentId": 4,
    "parentName": "Dairy",
    "parentNameVi": "Bơ Sữa"
  },
  {
    "id": 26,
    "code": "FRESH_MILK",
    "name": "Fresh Milk",
    "nameVi": "Sữa Tươi",
    "level": 2,
    "parentId": 4,
    "parentName": "Dairy",
    "parentNameVi": "Bơ Sữa"
  },
  {
    "id": 35,
    "code": "DRINKING_YOGURT",
    "name": "Drinking yogurt",
    "nameVi": "Sữa Chua uống",
    "level": 2,
    "parentId": 4,
    "parentName": "Dairy",
    "parentNameVi": "Bơ Sữa"
  },
  {
    "id": 36,
    "code": "FRUIT_MILK",
    "name": "Fruit Milk",
    "nameVi": "Sữa Trái Cây",
    "level": 2,
    "parentId": 4,
    "parentName": "Dairy",
    "parentNameVi": "Bơ Sữa"
  },
  {
    "id": 38,
    "code": "NUT_MILK",
    "name": "Nut Milk",
    "nameVi": "Sữa Hạt",
    "level": 2,
    "parentId": 4,
    "parentName": "Dairy",
    "parentNameVi": "Bơ Sữa"
  },
  {
    "id": 42,
    "code": "POWDERED_MILK",
    "name": "Powdered Milk",
    "nameVi": "Sữa Bột",
    "level": 2,
    "parentId": 4,
    "parentName": "Dairy",
    "parentNameVi": "Bơ Sữa"
  },
  {
    "id": 43,
    "code": "YOGURT",
    "name": "Yogurt",
    "nameVi": "Sữa Chua Đặc",
    "level": 2,
    "parentId": 4,
    "parentName": "Dairy",
    "parentNameVi": "Bơ Sữa"
  },
  {
    "id": 9,
    "code": "BAR_SOAP",
    "name": "Bar Soap",
    "nameVi": "Xà Bông Cục",
    "level": 2,
    "parentId": 5,
    "parentName": "Detergents & Personal care",
    "parentNameVi": "Hóa Mỹ Phẩm"
  },
  {
    "id": 28,
    "code": "HAIRCARE",
    "name": "Hair care",
    "nameVi": "Chăm Sóc Tóc",
    "level": 2,
    "parentId": 5,
    "parentName": "Detergents & Personal care",
    "parentNameVi": "Hóa Mỹ Phẩm"
  },
  {
    "id": 29,
    "code": "FABRIC",
    "name": "Fabric",
    "nameVi": "Chất Giặt Tẩy Quần Áo",
    "level": 2,
    "parentId": 5,
    "parentName": "Detergents & Personal care",
    "parentNameVi": "Hóa Mỹ Phẩm"
  },
  {
    "id": 30,
    "code": "PAPER_PRODUCT",
    "name": "Paper Product",
    "nameVi": "Giấy",
    "level": 2,
    "parentId": 5,
    "parentName": "Detergents & Personal care",
    "parentNameVi": "Hóa Mỹ Phẩm"
  },
  {
    "id": 44,
    "code": "WASHING_LIQUID",
    "name": "Washing Liquid",
    "nameVi": "Nước Giặt",
    "level": 2,
    "parentId": 5,
    "parentName": "Detergents & Personal care",
    "parentNameVi": "Hóa Mỹ Phẩm"
  },
  {
    "id": 45,
    "code": "DISHWASHING_LIQUID",
    "name": "Dishwashing Liquid",
    "nameVi": "Nước Rửa Chén",
    "level": 2,
    "parentId": 5,
    "parentName": "Detergents & Personal care",
    "parentNameVi": "Hóa Mỹ Phẩm"
  },
  {
    "id": 46,
    "code": "FLOOR_CLEANER",
    "name": "Floor Cleaner",
    "nameVi": "Nước Lau Sàn",
    "level": 2,
    "parentId": 5,
    "parentName": "Detergents & Personal care",
    "parentNameVi": "Hóa Mỹ Phẩm"
  },
  {
    "id": 47,
    "code": "WET_TISSUE",
    "name": "Wet Tissue",
    "nameVi": "Khăn Giấy Uớt",
    "level": 2,
    "parentId": 5,
    "parentName": "Detergents & Personal care",
    "parentNameVi": "Hóa Mỹ Phẩm"
  },
  {
    "id": 32,
    "code": "REFRESHER",
    "name": "Refresher",
    "nameVi": "Chất Tạo Mùi Phòng",
    "level": 2,
    "parentId": 6,
    "parentName": "Other Non-Food",
    "parentNameVi": "Khác"
  },
  {
    "id": 33,
    "code": "TELECOM",
    "name": "Telecom",
    "nameVi": "Thẻ Cào",
    "level": 2,
    "parentId": 6,
    "parentName": "Other Non-Food",
    "parentNameVi": "Khác"
  },
  {
    "id": 37,
    "code": "FREE_GIFT",
    "name": "Free Gift",
    "nameVi": "Hàng Tặng",
    "level": 2,
    "parentId": 6,
    "parentName": "Other Non-Food",
    "parentNameVi": "Khác"
  },
  {
    "id": 13,
    "code": "CEREAL",
    "name": "cereal",
    "nameVi": "Ngũ Cốc",
    "level": 2,
    "parentId": 7,
    "parentName": "Sweet & Confectionary",
    "parentNameVi": "Đồ Ngọt & Bánh Kẹo"
  },
  {
    "id": 15,
    "code": "CHEWY",
    "name": "Chewy",
    "nameVi": "Kẹo",
    "level": 2,
    "parentId": 7,
    "parentName": "Sweet & Confectionary",
    "parentNameVi": "Đồ Ngọt & Bánh Kẹo"
  },
  {
    "id": 18,
    "code": "COFFEE",
    "name": "Coffee",
    "nameVi": "Cà Phê",
    "level": 2,
    "parentId": 7,
    "parentName": "Sweet & Confectionary",
    "parentNameVi": "Đồ Ngọt & Bánh Kẹo"
  },
  {
    "id": 27,
    "code": "TEA",
    "name": "Tea",
    "nameVi": "Trà ",
    "level": 2,
    "parentId": 7,
    "parentName": "Sweet & Confectionary",
    "parentNameVi": "Đồ Ngọt & Bánh Kẹo"
  },
  {
    "id": 34,
    "code": "SNACK",
    "name": "Snack",
    "nameVi": "Snack",
    "level": 2,
    "parentId": 7,
    "parentName": "Sweet & Confectionary",
    "parentNameVi": "Đồ Ngọt & Bánh Kẹo"
  },
  {
    "id": 39,
    "code": "SOFT_CAKE",
    "name": "Soft Cake",
    "nameVi": "Bánh Bông Lan",
    "level": 2,
    "parentId": 7,
    "parentName": "Sweet & Confectionary",
    "parentNameVi": "Đồ Ngọt & Bánh Kẹo"
  },
  {
    "id": 40,
    "code": "SNACK_CRACKERS",
    "name": "Snack Crackers",
    "nameVi": "Bánh Quy",
    "level": 2,
    "parentId": 7,
    "parentName": "Sweet & Confectionary",
    "parentNameVi": "Đồ Ngọt & Bánh Kẹo"
  },
  {
    "id": 41,
    "code": "POTATO_CRISPS",
    "name": "Potato Crisps",
    "nameVi": "Snack Khoai Tây",
    "level": 2,
    "parentId": 7,
    "parentName": "Sweet & Confectionary",
    "parentNameVi": "Đồ Ngọt & Bánh Kẹo"
  }
]
